,Edu Standard,TM Track Name,Grade
EDUM-510,HSA.APR.A.1,Adding Subtracting and Multiplying Polynomials,"9,10,11,12"
EDUM-511,HSA.CED.A.1,Solving Multi-Step Linear Equation Word Problems,"9,10,11,12"
EDUM-512,HSA.CED.A.1,Solving Multi-Step Linear Equations,"9,10,11,12"
EDUM-513,HSA.CED.A.1,Solving Multi-Step Linear Inequalities,"9,10,11,12"
EDUM-514,HSA.CED.A.1,Solving Multi-Step Linear Inequality Word Problems,"9,10,11,12"
EDUM-515,HSA.CED.A.1,Solving One-Step Linear Equations,"9,10,11,12"
EDUM-516,HSA.CED.A.1,Solving One-Step Linear Inequalities,"9,10,11,12"
EDUM-517,HSA.CED.A.1,Solving One-Step Linear Inequality Word Problems,"9,10,11,12"
EDUM-518,HSA.CED.A.2,Graphing Linear Equations,"9,10,11,12"
EDUM-519,HSA.CED.A.2,Modeling with Exponential Equations,"9,10,11,12"
EDUM-520,HSA.CED.A.3,Identifying Equations and Inequalities that Represent a Context,"9,10,11,12"
EDUM-521,HSA.CED.A.3,Solving a System of Inequalities,"9,10,11,12"
EDUM-522,HSA.CED.A.4,Manipulating Equations,"9,10,11,12"
EDUM-523,HSA.REI.A.1,Solving Linear Equations,"9,10,11,12"
EDUM-524,HSA.REI.D.10,Representing Solutions to Equations as Ordered Pairs,"9,10,11,12"
EDUM-525,HSA.REI.D.11,Graphing Using Technology,"9,10,11,12"
EDUM-526,HSA.REI.D.12,Graphing Linear Inequalities on the Coordinate Plane,"9,10,11,12"
EDUM-527,HSA.REI.B.3,Solving Multi-Step Equations and Compound Inequalities,"9,10,11,12"
EDUM-528,HSA.REI.B.4.a,Solving Quadratic Equations by Completing the Square,"9,10,11,12"
EDUM-529,HSA.REI.B.4.b,Strategies for Solving Quadratic Equations,"9,10,11,12"
EDUM-530,HSA.REI.C.5,Solving Systems of Equations by Elimination,"9,10,11,12"
EDUM-531,HSA.REI.C.6,Solving Systems of Linear Equations Algebraically,"9,10,11,12"
EDUM-532,HSA.REI.C.6,Solving Systems of Linear Equations Graphically,"9,10,11,12"
EDUM-533,HSA.REI.C.6,Solving Systems of Linear Equations: Word Problems,"9,10,11,12"
EDUM-534,HSA.REI.C.7,Solving a Linear-Quadratic System,"9,10,11,12"
EDUM-535,HSA.SSE.A.1.a,Identifying the Parts of an Expression,"9,10,11,12"
EDUM-536,HSA.SSE.A.1.b,Interpreting Expressions,"9,10,11,12"
EDUM-537,HSA.SSE.A.2,Rewriting Expressions,"9,10,11,12"
EDUM-538,HSA.SSE.B.3.a,Factoring Quadratic Expressions,"9,10,11,12"
EDUM-539,HSA.SSE.B.3.b,Quadratic Functions and Completing the Square,"9,10,11,12"
EDUM-540,HSA.SSE.B.3.c,Identifying Equivalent Exponential Expressions,"9,10,11,12"
EDUM-541,HSF.BF.A.1.a,Writing Functions to Model Relationships,"9,10,11,12"
EDUM-542,HSF.BF.A.1.b,Effects of Combining Different Types of Functions,"9,10,11,12"
EDUM-543,HSF.BF.A.2,Arithmetic and Geometric Sequences,"9,10,11,12"
EDUM-544,HSF.BF.A.2,Representing Arithmetic Sequences,"9,10,11,12"
EDUM-545,HSF.BF.A.2,Representing Geometric Sequences,"9,10,11,12"
EDUM-546,HSF.BF.B.3,Transforming Linear Functions,"9,10,11,12"
EDUM-547,HSF.BF.B.4.a,Inverse Functions,"9,10,11,12"
EDUM-548,HSF.IF.A.1,Identifying a Function,"9,10,11,12"
EDUM-549,HSF.IF.A.2,Evaluating Functions,"9,10,11,12"
EDUM-550,HSF.IF.A.2,Representing Functions,"9,10,11,12"
EDUM-551,HSF.IF.A.3,Identifying Recursive Functions,"9,10,11,12"
EDUM-552,HSF.IF.B.4,Characteristics of Functions,"9,10,11,12"
EDUM-553,HSF.IF.B.4,Identifying x- and y-Intercepts,"9,10,11,12"
EDUM-554,HSF.IF.B.5,Domains of Functions,"9,10,11,12"
EDUM-555,HSF.IF.B.6,Calculating the Rate of Change for a Linear Function,"9,10,11,12"
EDUM-556,HSF.IF.C.7.a,Graphing Linear Functions,"9,10,11,12"
EDUM-557,HSF.IF.C.7.b,Graphing Non-Linear Functions,"9,10,11,12"
EDUM-558,HSF.IF.C.7.e,Interpreting Exponential Functions Using Graphs and Equations,"9,10,11,12"
EDUM-559,HSF.IF.C.7.e,Representing Exponential Functions,"9,10,11,12"
EDUM-560,HSF.IF.C.8.a,Properties of Quadratic Functions,"9,10,11,12"
EDUM-561,HSF.IF.C.8.b,Understanding Exponential Growth and Decay,"9,10,11,12"
EDUM-562,HSF.IF.C.9,Analyzing Linear and Exponential Functions,"9,10,11,12"
EDUM-563,HSF.IF.C.9,Comparing Functions in Different Forms,"9,10,11,12"
EDUM-564,HSF.LE.A.1.a,Comparing Linear and Exponential Functions,"9,10,11,12"
EDUM-565,HSF.LE.A.1.b,Identifying Situations with a Constant Rate of Change,"9,10,11,12"
EDUM-566,HSF.LE.A.1.c,Calculating Exponential Growth and Decay Algebraically,"9,10,11,12"
EDUM-567,HSF.LE.A.1.c,Calculating Exponential Growth and Decay within a Context,"9,10,11,12"
EDUM-568,HSF.LE.A.2,Identifying Types of Functions and Sequences,"9,10,11,12"
EDUM-569,HSF.LE.A.3,Linear Exponential and Quadratic Functions,"9,10,11,12"
EDUM-570,HSF.LE.B.5,Interpreting Linear & Exponential Equations â€“ Modeling Situations,"9,10,11,12"
EDUM-571,HSN.Q.A.1,Choosing Appropriate Units to Solve a Problem,"9,10,11,12"
EDUM-572,HSN.Q.A.1,Interpreting Graphs,"9,10,11,12"
EDUM-573,HSN.Q.A.2,Choosing Appropriate Quantities,"9,10,11,12"
EDUM-574,HSN.Q.A.3,Accuracy of Measurements and Estimation,"9,10,11,12"
EDUM-575,HSN.RN.A.1,Properties of Exponents,"9,10,11,12"
EDUM-576,HSN.RN.A.2,Roots and Radical Expressions,"9,10,11,12"
EDUM-577,HSN.RN.B.3,Operations with Rational and Irrational Numbers,"9,10,11,12"
EDUM-578,HSS.ID.A.1,Modeling Data Using Box Plots and Histograms,"9,10,11,12"
EDUM-579,HSS.ID.A.2,Interpreting Two Box Plots,"9,10,11,12"
EDUM-580,HSS.ID.A.2,Interquartile Range and Standard Deviation,"9,10,11,12"
EDUM-581,HSS.ID.A.3,Shape Center and Spread of a Data Set,"9,10,11,12"
EDUM-582,HSS.ID.B.5,Two-Way Relative Frequency Tables,"9,10,11,12"
EDUM-583,HSS.ID.B.6.a,Representing Data Using a Scatter Plot,"9,10,11,12"
EDUM-584,HSS.ID.B.6.b,Scatter Plots and Residual Values,"9,10,11,12"
EDUM-585,HSS.ID.B.6.c,Scatter Plots and Lines of Best Fit,"9,10,11,12"
EDUM-586,HSS.ID.C.7,Interpreting Slope and y-Intercept in Terms of Context,"9,10,11,12"
EDUM-587,HSS.ID.C.8,Estimating and Interpreting the Correlation Coefficient,"9,10,11,12"
EDUM-588,HSS.ID.C.9,Identifying Causal and Correlated Relationships,"9,10,11,12"