Quiz: Identifying Proportional Relationships,7.RP.2a
Quiz: Representing Proportional Relationships Graphically,7.RP.2d
Quiz: Identifying the Constant of Proportionality,7.RP.2b
Quiz: Representing Proportional Relationships Algebraically,7.RP.2c
End-of-Module 1 Assessment,"7.RP.2a,7.RP.2d,7.RP.2b,7.RP.2c"
EOM,EOM
Quiz: Understanding and Identifying Opposite Quantities,7.NS.1a
Quiz: Understanding Addition of Rational Numbers,7.NS.1b
Quiz: Understanding Subtraction of Rational Numbers,7.NS.1c
Quiz: Applying Addition and Subtraction to Rational Numbers,7.NS.1d
Quiz: Understanding Division of Integers,7.NS.2b
Quiz: Applying Division to Integers and Fractions,7.NS.2b
Quiz: Applying Multiplication and Division to Rational Numbers,7.NS.2c
Quiz: Understanding Multiplication of Fractions,7.NS.2a
Quiz: Applying Multiplication to Integers and Fractions,7.NS.2a
Quiz: Comparing Algebraic Solutions to Arithmetic Solutions,7.EE.4a
Quiz: Identifying Multiple Forms of an Expression  ,7.EE.2
End-of-Module 2 Assessment,"7.NS.1a,7.NS.1b,7.NS.1c,7.NS.1d,7.NS.2b,7.NS.2b,7.NS.2c,7.NS.2a,7.NS.2a,7.EE.4a,7.EE.2"
EOM,EOM
Quiz: Solve & Expand: Linear Expressions with Rational Coefficients,7.EE.1
Quiz: Solving One-Step Equations: Addition and Subtraction,7.EE.4a
Quiz: Solving One-Step Equations: Multiplication and Division,7.EE.4a
Quiz: Using Equations to Solve Word Problems,7.EE.4a
Quiz: Reviewing One-Step Linear Equations,7.EE.4a
Quiz: Solving Multi-Step Equations with Integers,7.EE.4a
Quiz: Solving Multi-Step Equations with Fractions and Decimals,7.EE.4a
Quiz: Area and Circumference of a Circle,7.G.4
Quiz: Finding Area,7.G.6
Quiz: Finding Surface Area,7.G.6
Quiz: Finding Volume,7.G.6
End-of-Module 3 Assessment,"7.EE.1,7.EE.4a,7.EE.4a,7.EE.4a,7.EE.4a,7.EE.4a,7.EE.4a,7.G.4,7.G.6,7.G.6,7.G.6"
EOM,EOM
Quiz: Calculating Percent,7.RP.3
Quiz: Proportional Reasoning with Percents,7.RP.3
Quiz: Proportional Reasoning with Scale Drawings  ,7.G.1
Quiz: End-of-Module 4 Assessment,"7.RP.3,7.RP.3,7.G.1"
EOM,EOM
Quiz: Using Uniform Models to Calculate Probability,7.SP.7a
Quiz: Identifying the Probability of Compound Events,7.SP.8b
Quiz: Understanding Overlap of Data Distributions,7.SP.3
Quiz: Using Measures of Center and Variability to Draw Inferences,7.SP.4
End-of-Module 5 Assessment,"7.SP.7a,7.SP.8b,7.SP.3,7.SP.4"
EOM,EOM
Quiz: Plane Sections of Rectangular Prisms and Pyramids,7.G.3
Quiz: Finding Area Volume Surface Area of Composite Figures,7.G.6
End-of-Module 6 Assessment,"7.G.3, 7.G.6"