Topic A Quiz: Proportional Relationships,7.RP.A.2a
Topic B Quiz: Unit Rate and the Constant of Proportionality,"7.RP.A.2b, 7.RP.A.2c, 7.RP.A.2d, 7.EE.B.4a"
Mid-Module 1 Assessment (Topics A through B),"7.RP.A.2a, 7.RP.A.2b, 7.RP.A.2c, 7.RP.A.2d, 7.EE.B.4a"
Topic C Quiz: Ratios and Rates Involving Fractions,"7.RP.A.1, 7.RP.A.3, 7.EE.B.4a"
Topic D Quiz: Ratios of Scale Drawings,"7.RP.A.2b, 7.G.A.1"
End-of-Module 1 Assessment (Topics A through D),"7.RP.A.2a, 7.RP.A.2b, 7.RP.A.2c, 7.RP.A.2d, 7.EE.B.4a, 7.RP.A.1, 7.RP.A.3, 7.EE.B.4a, 7.RP.A.2b, 7.G.A.1"
EOM,EOM
"Topic A Quiz: Addition and Subtraction of Integers and Rational Numbers",7.NS.A.1
"Topic B Quiz: Multiplication and Division of Integers and Rational Numbers",7.NS.A.2
Mid-Module 2 Assessment  (Topics A through B),"7.NS.A.1, 7.NS.A.2"
Topic C Quiz: Applying Operations with Rational Numbers to Expressions and Equations,"7.NS.A.3,
7.EE.A.2, 7.EE.B.4a"
End-of-Module 2 Assessment  (Topics A through C),"7.NS.A.1,7.NS.A.2,7.NS.A.1, 7.NS.A.2,7.NS.A.3,,7.EE.A.2, 7.EE.B.4a"
EOM,EOM
"Topic A Quiz: Use Properties of Operations to Generate Equivalent Expressions","7.EE.A.1, 7.EE.A.2"
Topic B Quiz: Solve Problems Using Expressions Equations and Inequalities,"7.EE.B.3, 7.EE.B.4, 7.G.B.5"
Mid-Module 3 Assessment (Topics A through B),"7.EE.A.1, 7.EE.A.2, 7.EE.B.3, 7.EE.B.4, 7.G.B.5"
Topic C Quiz: Use Equations and Inequalities to Solve Geometry Problems,"7.G.B.4, 7.G.B.6"
End-of-Module 3 Assessment (Topics A through C),"7.EE.A.1, 7.EE.A.2,7.EE.B.3, 7.EE.B.4, 7.G.B.5,7.EE.A.1, 7.EE.A.2, 7.EE.B.3, 7.EE.B.4, 7.G.B.5,7.G.B.4, 7.G.B.6"
EOM,EOM
Topic A Quiz: Finding the Whole,"7.RP.A.1, 7.RP.A.2c, 7.RP.A.3"
Topic B Quiz: Percent Problems Including More Than One Whole,"7.RP.A.1, 7.RP.A.2, 7.RP.A.3, 7.EE.B.3"
Mid-Module 4 Assessment (Topics A through B),"7.RP.A.1, 7.RP.A.2c, 7.RP.A.3, 7.RP.A.1, 7.RP.A.2, 7.RP.A.3, 7.EE.B.3"
Topic C Quiz: Scale Drawings,"7.RP.A.2b, 7.G.A.1"
Topic D Quiz: Population Mixture and Counting Problems Involving Percents,"7.RP.A.2c, 7.RP.A.3, 7.EE.B.3"
End-of-Module 4 Assessment (Topics A through D),"7.RP.A.1, 7.RP.A.2c, 7.RP.A.3,7.RP.A.1, 7.RP.A.2, 7.RP.A.3, 7.EE.B.3,7.RP.A.1, 7.RP.A.2c, 7.RP.A.3, 7.RP.A.1, 7.RP.A.2, 7.RP.A.3, 7.EE.B.3,7.RP.A.2b, 7.G.A.1,7.RP.A.2c, 7.RP.A.3, 7.EE.B.3"
EOM,EOM
"Topic A Quiz: Calculating and Interpreting Probabilities","7.SP.C.5, 7.SP.C.6, 7.SP.C.7, 7.SP.C.8a, 7.SP.C.8b"
Topic B Quiz: Estimating Probabilities,"7.SP.C.6, 7.SP.C.7, 7.SP.C.8c"
Mid-Module 5 Assessment (Topics A through B),"7.SP.C.5, 7.SP.C.6, 7.SP.C.7, 7.SP.C.8a, 7.SP.C.8b, 7.SP.C.6, 7.SP.C.7, 7.SP.C.8c"
Topic C Quiz: Random Sampling and Estimating Population Characteristics,"7.SP.A.1, 7.SP.A.2"
Topic D Quiz: Comparing Populations,"7.SP.B.3, 7.SP.B.4"
End-of-Module 5 Assessment (Topics A through D),"7.SP.C.5, 7.SP.C.6, 7.SP.C.7, 7.SP.C.8a, 7.SP.C.8b,7.SP.C.6, 7.SP.C.7, 7.SP.C.8c,7.SP.C.5, 7.SP.C.6, 7.SP.C.7, 7.SP.C.8a, 7.SP.C.8b, 7.SP.C.6, 7.SP.C.7, 7.SP.C.8c,7.SP.A.1, 7.SP.A.2,7.SP.B.3, 7.SP.B.4"
EOM,EOM
Topic A Quiz: Unknown Angles,7.G.B.5
Topic B Quiz: Constructing Triangles,7.G.A.2
"Mid-Module 6 Assessment (Topics A through B)","7.G.A.2 ,7.G.B.5"
"Topic C Quiz: Slicing Solids",7.G.A.3
Topic D Quiz: Problems Involving Area and Surface Area,7.G.B.6
Topic E Quiz: Problems Involving Volume,7.G.B.6
End-of-Module 6 Assessment (Topics C through E),"7.G.B.5,7.G.A.2,7.G.A.2 ,7.G.B.5,7.G.A.3,7.G.B.6,7.G.B.6"